{"cameraMode":{"drawMode":0,"name":"Shaded","section":"Shading Mode"},"sceneLighting":true,"audioPlay":false,"sceneViewState":{"m_AlwaysRefresh":false,"showFog":true,"showSkybox":true,"showFlares":true,"showImageEffects":true,"showParticleSystems":true,"showVisualEffectGraphs":true,"m_FxEnabled":true},"in2DMode":false,"pivot":{"x":-10.250162124633789,"y":8.614350318908692,"z":-20.454309463500978},"rotation":{"x":-0.019556259736418725,"y":0.9350723028182983,"z":-0.0522402785718441,"w":-0.35004255175590517},"size":11.300508499145508,"orthographic":false}